Workbook

Sheet 📊 Dashboard
A2: MTA – Department of Subways | Operations Training Division
A3: SERVICE DELIVERY TRAINING · PERFORMANCE DASHBOARD · FY2025
B5: KEY PERFORMANCE INDICATORS · YEAR-TO-DATE FY2025
B6: TOTAL CLASSES | E6: EMPLOYEES TRAINED | H6: DEPT PASS RATE | K6: AVG SCORE GAIN | N6: COMPLETION RATE
B7: =SUM(DATA!B3:M7) -> 448 | E7: =SUM(DATA!B9:M13) -> 4543 | H7: =AVERAGE(DATA!B15:M19) -> 0.8795 | K7: +8.5 pts | N7: 96.2%
B9: All 5 Units YTD | E9: Across All Units YTD | H9: Dept. Average | K9: Pre → Post Test | N9: Enrolled vs. Attended
B12: UNIT PERFORMANCE SUMMARY · YTD FY2025
B13: Unit | D13: Classes Conducted | F13: Employees Trained | H13: Pass Rate | J13: Avg Score Improvement | L13: Completion Rate | N13: Status
B14: Unit 1 – Train Ops | D14: =SUM(DATA!B3:M3) -> 144 | F14: =SUM(DATA!B9:M9) -> 1673 | H14: =AVERAGE(DATA!B15:M15) -> 0.86916667 | J14: +8.5 pts | L14: 97.2% | N14: ✅ On Track
B15: Unit 2 – Station Ops | D15: =SUM(DATA!B4:M4) -> 104 | F15: =SUM(DATA!B10:M10) -> 1105 | H15: =AVERAGE(DATA!B16:M16) -> 0.81916667 | J15: +7.8 pts | L15: 95.8% | N15: ✅ On Track
B16: Unit 3 – Maintenance | D16: =SUM(DATA!B5:M5) -> 80 | F16: =SUM(DATA!B11:M11) -> 806 | H16: =AVERAGE(DATA!B17:M17) -> 0.895 | J16: +9.2 pts | L16: 98.1% | N16: ✅ On Track
B17: Unit 4 – Safety | D17: =SUM(DATA!B6:M6) -> 66 | F17: =SUM(DATA!B12:M12) -> 586 | H17: =AVERAGE(DATA!B18:M18) -> 0.93416667 | J17: +10.1 pts | L17: 99.0% | N17: ✅ On Track
B18: Unit 5 – Supervision | D18: =SUM(DATA!B7:M7) -> 54 | F18: =SUM(DATA!B13:M13) -> 373 | H18: =AVERAGE(DATA!B19:M19) -> 0.88 | J18: +8.8 pts | L18: 94.5% | N18: ⚠️ Monitor
B19: DEPARTMENT TOTAL | D19: =SUM(DATA!B3:M7) -> 448 | F19: =SUM(DATA!B9:M13) -> 4543 | H19: =AVERAGE(DATA!B15:M19) -> 0.8795 | J19: +8.5 pts | L19: 96.2% | N19: ✅ On Track
B21: TREND ANALYSIS · MONTHLY PERFORMANCE
B40: Dashboard prepared by: [Your Name] · Data as of: FY2025 · MTA – Department of Subways – Operations Training Division
B55: Month | C55: Jan | D55: Feb | E55: Mar | F55: Apr | G55: May | H55: Jun | I55: Jul | J55: Aug | K55: Sep | L55: Oct | M55: Nov | N55: Dec
B56: Train Ops | C56: 12 | D56: 14 | E56: 11 | F56: 13 | G56: 15 | H56: 10 | I56: 12 | J56: 14 | K56: 13 | L56: 11 | M56: 10 | N56: 9
B57: Station Ops | C57: 8 | D57: 9 | E57: 7 | F57: 10 | G57: 11 | H57: 8 | I57: 9 | J57: 10 | K57: 9 | L57: 8 | M57: 7 | N57: 8
B58: Maintenance | C58: 6 | D58: 7 | E58: 5 | F58: 8 | G58: 9 | H58: 6 | I58: 7 | J58: 8 | K58: 7 | L58: 6 | M58: 5 | N58: 6
B59: Safety | C59: 5 | D59: 6 | E59: 4 | F59: 6 | G59: 7 | H59: 5 | I59: 6 | J59: 7 | K59: 6 | L59: 5 | M59: 5 | N59: 4
B60: Supervision | C60: 4 | D60: 5 | E60: 3 | F60: 5 | G60: 6 | H60: 4 | I60: 5 | J60: 6 | K60: 5 | L60: 4 | M60: 4 | N60: 3
B62: Month | C62: Jan | D62: Feb | E62: Mar | F62: Apr | G62: May | H62: Jun | I62: Jul | J62: Aug | K62: Sep | L62: Oct | M62: Nov | N62: Dec
B63: Train Ops | C63: 0.87 | D63: 0.89 | E63: 0.85 | F63: 0.91 | G63: 0.88 | H63: 0.84 | I63: 0.86 | J63: 0.9 | K63: 0.88 | L63: 0.87 | M63: 0.83 | N63: 0.85
B64: Station Ops | C64: 0.82 | D64: 0.84 | E64: 0.8 | F64: 0.86 | G64: 0.83 | H64: 0.79 | I64: 0.81 | J64: 0.85 | K64: 0.83 | L64: 0.82 | M64: 0.78 | N64: 0.8
B65: Maintenance | C65: 0.9 | D65: 0.91 | E65: 0.88 | F65: 0.93 | G65: 0.91 | H65: 0.87 | I65: 0.89 | J65: 0.92 | K65: 0.9 | L65: 0.89 | M65: 0.86 | N65: 0.88
B66: Safety | C66: 0.94 | D66: 0.95 | E66: 0.92 | F66: 0.96 | G66: 0.95 | H66: 0.91 | I66: 0.93 | J66: 0.96 | K66: 0.94 | L66: 0.93 | M66: 0.9 | N66: 0.92
B67: Supervision | C67: 0.88 | D67: 0.9 | E67: 0.86 | F67: 0.92 | G67: 0.9 | H67: 0.85 | I67: 0.87 | J67: 0.91 | K67: 0.89 | L67: 0.88 | M67: 0.84 | N67: 0.86
B70: Unit | C70: Employees
B71: Train Ops | C71: 1573
B72: Station Ops | C72: 1005
B73: Maintenance | C73: 746
B74: Safety | C74: 530
B75: Supervision | C75: 333

Sheet DATA
A1: Month | B1: Jan | C1: Feb | D1: Mar | E1: Apr | F1: May | G1: Jun | H1: Jul | I1: Aug | J1: Sep | K1: Oct | L1: Nov | M1: Dec
A2: Classes Conducted
A3: Unit 1 – Train Ops | B3: 12 | C3: 14 | D3: 11 | E3: 13 | F3: 15 | G3: 10 | H3: 12 | I3: 14 | J3: 13 | K3: 11 | L3: 10 | M3: 9
A4: Unit 2 – Station Ops | B4: 8 | C4: 9 | D4: 7 | E4: 10 | F4: 11 | G4: 8 | H4: 9 | I4: 10 | J4: 9 | K4: 8 | L4: 7 | M4: 8
A5: Unit 3 – Maintenance | B5: 6 | C5: 7 | D5: 5 | E5: 8 | F5: 9 | G5: 6 | H5: 7 | I5: 8 | J5: 7 | K5: 6 | L5: 5 | M5: 6
A6: Unit 4 – Safety | B6: 5 | C6: 6 | D6: 4 | E6: 6 | F6: 7 | G6: 5 | H6: 6 | I6: 7 | J6: 6 | K6: 5 | L6: 5 | M6: 4
A7: Unit 5 – Supervision | B7: 4 | C7: 5 | D7: 3 | E7: 5 | F7: 6 | G7: 4 | H7: 5 | I7: 6 | J7: 5 | K7: 4 | L7: 4 | M7: 3
A8: Employees Trained
A9: Unit 1 – Train Ops | B9: 145 | C9: 162 | D9: 131 | E9: 149 | F9: 178 | G9: 112 | H9: 138 | I9: 160 | J9: 148 | K9: 127 | L9: 118 | M9: 105
A10: Unit 2 – Station Ops | B10: 89 | C10: 98 | D10: 76 | E10: 102 | F10: 115 | G10: 82 | H10: 91 | I10: 105 | J10: 96 | K10: 84 | L10: 79 | M10: 88
A11: Unit 3 – Maintenance | B11: 62 | C11: 71 | D11: 54 | E11: 78 | F11: 85 | G11: 58 | H11: 67 | I11: 79 | J11: 71 | K11: 60 | L11: 57 | M11: 64
A12: Unit 4 – Safety | B12: 45 | C12: 52 | D12: 38 | E12: 56 | F12: 62 | G12: 42 | H12: 49 | I12: 58 | J12: 53 | K12: 44 | L12: 41 | M12: 46
A13: Unit 5 – Supervision | B13: 28 | C13: 32 | D13: 24 | E13: 36 | F13: 40 | G13: 27 | H13: 31 | I13: 37 | J13: 34 | K13: 28 | L13: 26 | M13: 30
A14: Pass Rate %
A15: Unit 1 – Train Ops | B15: 0.87 | C15: 0.89 | D15: 0.85 | E15: 0.91 | F15: 0.88 | G15: 0.84 | H15: 0.86 | I15: 0.9 | J15: 0.88 | K15: 0.87 | L15: 0.83 | M15: 0.85
A16: Unit 2 – Station Ops | B16: 0.82 | C16: 0.84 | D16: 0.8 | E16: 0.86 | F16: 0.83 | G16: 0.79 | H16: 0.81 | I16: 0.85 | J16: 0.83 | K16: 0.82 | L16: 0.78 | M16: 0.8
A17: Unit 3 – Maintenance | B17: 0.9 | C17: 0.91 | D17: 0.88 | E17: 0.93 | F17: 0.91 | G17: 0.87 | H17: 0.89 | I17: 0.92 | J17: 0.9 | K17: 0.89 | L17: 0.86 | M17: 0.88
A18: Unit 4 – Safety | B18: 0.94 | C18: 0.95 | D18: 0.92 | E18: 0.96 | F18: 0.95 | G18: 0.91 | H18: 0.93 | I18: 0.96 | J18: 0.94 | K18: 0.93 | L18: 0.9 | M18: 0.92
A19: Unit 5 – Supervision | B19: 0.88 | C19: 0.9 | D19: 0.86 | E19: 0.92 | F19: 0.9 | G19: 0.85 | H19: 0.87 | I19: 0.91 | J19: 0.89 | K19: 0.88 | L19: 0.84 | M19: 0.86

Sheet 🚇 Unit 1
A1: MTA Operations Training | Unit 1 – Train Ops | FY2025 Performance
A3: MONTHLY PERFORMANCE DATA
A4: Metric | B4: Jan | C4: Feb | D4: Mar | E4: Apr | F4: May | G4: Jun | H4: Jul | I4: Aug | J4: Sep | K4: Oct | L4: Nov | M4: Dec | N4: YTD
A5: Classes Conducted | B5: 12 | C5: 14 | D5: 11 | E5: 13 | F5: 15 | G5: 10 | H5: 12 | I5: 14 | J5: 13 | K5: 11 | L5: 10 | M5: 9 | N5: =SUM(B5:M5) -> 144
A6: Employees Trained | B6: 145 | C6: 162 | D6: 131 | E6: 149 | F6: 178 | G6: 112 | H6: 138 | I6: 160 | J6: 148 | K6: 127 | L6: 118 | M6: 105 | N6: =SUM(B6:M6) -> 1673
A7: Pass Rate (%) | B7: 0.87 | C7: 0.89 | D7: 0.85 | E7: 0.91 | F7: 0.88 | G7: 0.84 | H7: 0.86 | I7: 0.9 | J7: 0.88 | K7: 0.87 | L7: 0.83 | M7: 0.85 | N7: =AVERAGE(B7:M7) -> 0.86916667
B9: Jan | C9: Feb | D9: Mar | E9: Apr | F9: May | G9: Jun | H9: Jul | I9: Aug | J9: Sep | K9: Oct | L9: Nov | M9: Dec
A10: Classes | B10: 12 | C10: 14 | D10: 11 | E10: 13 | F10: 15 | G10: 10 | H10: 12 | I10: 14 | J10: 13 | K10: 11 | L10: 10 | M10: 9

Sheet 🏢 Unit 2
A1: MTA Operations Training | Unit 2 – Station Ops | FY2025 Performance
A3: MONTHLY PERFORMANCE DATA
A4: Metric | B4: Jan | C4: Feb | D4: Mar | E4: Apr | F4: May | G4: Jun | H4: Jul | I4: Aug | J4: Sep | K4: Oct | L4: Nov | M4: Dec | N4: YTD
A5: Classes Conducted | B5: 8 | C5: 9 | D5: 7 | E5: 10 | F5: 11 | G5: 8 | H5: 9 | I5: 10 | J5: 9 | K5: 8 | L5: 7 | M5: 8 | N5: =SUM(B5:M5) -> 104
A6: Employees Trained | B6: 89 | C6: 98 | D6: 76 | E6: 102 | F6: 115 | G6: 82 | H6: 91 | I6: 105 | J6: 96 | K6: 84 | L6: 79 | M6: 88 | N6: =SUM(B6:M6) -> 1105
A7: Pass Rate (%) | B7: 0.82 | C7: 0.84 | D7: 0.8 | E7: 0.86 | F7: 0.83 | G7: 0.79 | H7: 0.81 | I7: 0.85 | J7: 0.83 | K7: 0.82 | L7: 0.78 | M7: 0.8 | N7: =AVERAGE(B7:M7) -> 0.81916667
B9: Jan | C9: Feb | D9: Mar | E9: Apr | F9: May | G9: Jun | H9: Jul | I9: Aug | J9: Sep | K9: Oct | L9: Nov | M9: Dec
A10: Classes | B10: 8 | C10: 9 | D10: 7 | E10: 10 | F10: 11 | G10: 8 | H10: 9 | I10: 10 | J10: 9 | K10: 8 | L10: 7 | M10: 8

Sheet 🔧 Unit 3
A1: MTA Operations Training | Unit 3 – Maintenance | FY2025 Performance
A3: MONTHLY PERFORMANCE DATA
A4: Metric | B4: Jan | C4: Feb | D4: Mar | E4: Apr | F4: May | G4: Jun | H4: Jul | I4: Aug | J4: Sep | K4: Oct | L4: Nov | M4: Dec | N4: YTD
A5: Classes Conducted | B5: 6 | C5: 7 | D5: 5 | E5: 8 | F5: 9 | G5: 6 | H5: 7 | I5: 8 | J5: 7 | K5: 6 | L5: 5 | M5: 6 | N5: =SUM(B5:M5) -> 80
A6: Employees Trained | B6: 62 | C6: 71 | D6: 54 | E6: 78 | F6: 85 | G6: 58 | H6: 67 | I6: 79 | J6: 71 | K6: 60 | L6: 57 | M6: 64 | N6: =SUM(B6:M6) -> 806
A7: Pass Rate (%) | B7: 0.9 | C7: 0.91 | D7: 0.88 | E7: 0.93 | F7: 0.91 | G7: 0.87 | H7: 0.89 | I7: 0.92 | J7: 0.9 | K7: 0.89 | L7: 0.86 | M7: 0.88 | N7: =AVERAGE(B7:M7) -> 0.895
B9: Jan | C9: Feb | D9: Mar | E9: Apr | F9: May | G9: Jun | H9: Jul | I9: Aug | J9: Sep | K9: Oct | L9: Nov | M9: Dec
A10: Classes | B10: 6 | C10: 7 | D10: 5 | E10: 8 | F10: 9 | G10: 6 | H10: 7 | I10: 8 | J10: 7 | K10: 6 | L10: 5 | M10: 6

Sheet 🦺 Unit 4
A1: MTA Operations Training | Unit 4 – Safety | FY2025 Performance
A3: MONTHLY PERFORMANCE DATA
A4: Metric | B4: Jan | C4: Feb | D4: Mar | E4: Apr | F4: May | G4: Jun | H4: Jul | I4: Aug | J4: Sep | K4: Oct | L4: Nov | M4: Dec | N4: YTD
A5: Classes Conducted | B5: 5 | C5: 6 | D5: 4 | E5: 6 | F5: 7 | G5: 5 | H5: 6 | I5: 7 | J5: 6 | K5: 5 | L5: 5 | M5: 4 | N5: =SUM(B5:M5) -> 66
A6: Employees Trained | B6: 45 | C6: 52 | D6: 38 | E6: 56 | F6: 62 | G6: 42 | H6: 49 | I6: 58 | J6: 53 | K6: 44 | L6: 41 | M6: 46 | N6: =SUM(B6:M6) -> 586
A7: Pass Rate (%) | B7: 0.94 | C7: 0.95 | D7: 0.92 | E7: 0.96 | F7: 0.95 | G7: 0.91 | H7: 0.93 | I7: 0.96 | J7: 0.94 | K7: 0.93 | L7: 0.9 | M7: 0.92 | N7: =AVERAGE(B7:M7) -> 0.93416667
B9: Jan | C9: Feb | D9: Mar | E9: Apr | F9: May | G9: Jun | H9: Jul | I9: Aug | J9: Sep | K9: Oct | L9: Nov | M9: Dec
A10: Classes | B10: 5 | C10: 6 | D10: 4 | E10: 6 | F10: 7 | G10: 5 | H10: 6 | I10: 7 | J10: 6 | K10: 5 | L10: 5 | M10: 4

Sheet 👔 Unit 5
A1: MTA Operations Training | Unit 5 – Supervision | FY2025 Performance
A3: MONTHLY PERFORMANCE DATA
A4: Metric | B4: Jan | C4: Feb | D4: Mar | E4: Apr | F4: May | G4: Jun | H4: Jul | I4: Aug | J4: Sep | K4: Oct | L4: Nov | M4: Dec | N4: YTD
A5: Classes Conducted | B5: 4 | C5: 5 | D5: 3 | E5: 5 | F5: 6 | G5: 4 | H5: 5 | I5: 6 | J5: 5 | K5: 4 | L5: 4 | M5: 3 | N5: =SUM(B5:M5) -> 54
A6: Employees Trained | B6: 28 | C6: 32 | D6: 24 | E6: 36 | F6: 40 | G6: 27 | H6: 31 | I6: 37 | J6: 34 | K6: 28 | L6: 26 | M6: 30 | N6: =SUM(B6:M6) -> 373
A7: Pass Rate (%) | B7: 0.88 | C7: 0.9 | D7: 0.86 | E7: 0.92 | F7: 0.9 | G7: 0.85 | H7: 0.87 | I7: 0.91 | J7: 0.89 | K7: 0.88 | L7: 0.84 | M7: 0.86 | N7: =AVERAGE(B7:M7) -> 0.88
B9: Jan | C9: Feb | D9: Mar | E9: Apr | F9: May | G9: Jun | H9: Jul | I9: Aug | J9: Sep | K9: Oct | L9: Nov | M9: Dec
A10: Classes | B10: 4 | C10: 5 | D10: 3 | E10: 5 | F10: 6 | G10: 4 | H10: 5 | I10: 6 | J10: 5 | K10: 4 | L10: 4 | M10: 3
